epoch,training_loss,val_loss
0,2.2850705981254578,23.95952033996582
