epoch,training_loss,val_loss
0,2.8085615038871765,34.64982986450195
