epoch,training_loss,val_loss
0,2.0854700207710266,29.74712371826172
