epoch,training_loss,val_loss
0,2.5345433354377747,11.33030366897583
1,2.2644233107566833,11.063382625579834
