epoch,training_loss,val_loss
0,2.4186129570007324,20.148916244506836
